"request_parameters.type","request_parameters.amazon_domain","request_parameters.search_term","request_parameters.sort_by","request_parameters.page","request_parameters.custom_id","search_results.position","search_results.title","search_results.asin","search_results.link","search_results.image","search_results.rating","search_results.ratings_total","search_results.is_prime","search_results.sponsored","search_results.price.currency","search_results.price.value","search_results.page","search_results.add_on_item.is_add_on_item"
"search","amazon.com","mouse",,,,1,"Amazon Basics 2.4 Ghz Wireless Optical Computer Mouse with USB Nano Receiver, Black","B005EJH6Z4","https://www.amazon.com/sspa/click?ie=UTF8&spc=MTo1NjAwMzM4Mjk3MDk3MDg0OjE3MTE0MDQ2NzU6c3BfYXRmOjIwMDAxMDUxMDcyNTkzMTo6MDo6&url=%2FAmazonBasics-Wireless-Computer-Mouse-Receiver%2Fdp%2FB005EJH6Z4%2Fref%3Dsr_1_1_ffob_sspa%3Fdib%3DeyJ2IjoiMSJ9.5ImJyMbbi4eC20AvYHbPTcZ0QNyZXm8WmDSdbSdH2lUE-iXc-V6FMos2UB9kNy5pljMcZioN4C1Elt6yey9r5fr7zaB3Ai5sVPYBjBGxvj54wYHh3_fGIfOkkapiCNS8Jqkvm-MB4A_cSEJ9PMGFw9qEjBnFLVFc4JydulzoieEfq13YgKzcdCIxW-PW_lz5GCU9umFgCgBsPvgAE7shVk6ogOkxh5rJuakjqxDtDPE.ex_pa5PgAvI38i1gPS6v2_9_dfLyNMIG-cic97H5atk%26dib_tag%3Dse%26keywords%3Dmouse%26qid%3D1711404675%26sr%3D8-1-spons%26sp_csd%3Dd2lkZ2V0TmFtZT1zcF9hdGY%26psc%3D1","https://m.media-amazon.com/images/I/61YQeAUIboL._AC_UY218_.jpg",4.5,61616,true,,"USD",10.83,,
"search","amazon.com","mouse",,,,2,"TECKNET Wireless Mouse, 2.4G Ergonomic Optical Mouse, Computer Mouse for Laptop, PC, Computer, Chromebook, Notebook, 6 Buttons, 24 Months Battery Life","B015NBTAOW","https://www.amazon.com/sspa/click?ie=UTF8&spc=MTo1NjAwMzM4Mjk3MDk3MDg0OjE3MTE0MDQ2NzU6c3BfYXRmOjIwMDA2NjI2NDczOTc5ODo6MDo6&url=%2FTeckNet-Ergonomic-Wireless-Chromebook-Adjustment%2Fdp%2FB015NBTAOW%2Fref%3Dsr_1_2_sspa%3Fdib%3DeyJ2IjoiMSJ9.5ImJyMbbi4eC20AvYHbPTcZ0QNyZXm8WmDSdbSdH2lUE-iXc-V6FMos2UB9kNy5pljMcZioN4C1Elt6yey9r5fr7zaB3Ai5sVPYBjBGxvj54wYHh3_fGIfOkkapiCNS8Jqkvm-MB4A_cSEJ9PMGFw9qEjBnFLVFc4JydulzoieEfq13YgKzcdCIxW-PW_lz5GCU9umFgCgBsPvgAE7shVk6ogOkxh5rJuakjqxDtDPE.ex_pa5PgAvI38i1gPS6v2_9_dfLyNMIG-cic97H5atk%26dib_tag%3Dse%26keywords%3Dmouse%26qid%3D1711404675%26sr%3D8-2-spons%26sp_csd%3Dd2lkZ2V0TmFtZT1zcF9hdGY%26psc%3D1","https://m.media-amazon.com/images/I/71tqvuHgIlL._AC_UY218_.jpg",4.5,67039,true,true,"USD",9.99,,
"search","amazon.com","mouse",,,,3,"Logitech M185 Wireless Mouse, 2.4GHz with USB Mini Receiver, 12-Month Battery Life, 1000 DPI Optical Tracking, Ambidextrous PC/Mac/Laptop - Swift Gray","B004YAVF8I","https://www.amazon.com/Logitech-Wireless-Mouse-M185-Swift/dp/B004YAVF8I/ref=sr_1_3?dib=eyJ2IjoiMSJ9.5ImJyMbbi4eC20AvYHbPTcZ0QNyZXm8WmDSdbSdH2lUE-iXc-V6FMos2UB9kNy5pljMcZioN4C1Elt6yey9r5fr7zaB3Ai5sVPYBjBGxvj54wYHh3_fGIfOkkapiCNS8Jqkvm-MB4A_cSEJ9PMGFw9qEjBnFLVFc4JydulzoieEfq13YgKzcdCIxW-PW_lz5GCU9umFgCgBsPvgAE7shVk6ogOkxh5rJuakjqxDtDPE.ex_pa5PgAvI38i1gPS6v2_9_dfLyNMIG-cic97H5atk&dib_tag=se&keywords=mouse&qid=1711404675&sr=8-3","https://m.media-amazon.com/images/I/61N+CzcA8vL._AC_UY218_.jpg",4.5,26505,true,,"USD",13.38,,
"search","amazon.com","mouse",,,,4,"TECKNET Wireless Mouse, 2.4G Ergonomic Optical Mouse, Computer Mouse for Laptop, PC, Computer, Chromebook, Notebook, 6 Buttons, 24 Months Battery Life","B015NBTAOW","https://www.amazon.com/TeckNet-Ergonomic-Wireless-Chromebook-Adjustment/dp/B015NBTAOW/ref=sr_1_4?dib=eyJ2IjoiMSJ9.5ImJyMbbi4eC20AvYHbPTcZ0QNyZXm8WmDSdbSdH2lUE-iXc-V6FMos2UB9kNy5pljMcZioN4C1Elt6yey9r5fr7zaB3Ai5sVPYBjBGxvj54wYHh3_fGIfOkkapiCNS8Jqkvm-MB4A_cSEJ9PMGFw9qEjBnFLVFc4JydulzoieEfq13YgKzcdCIxW-PW_lz5GCU9umFgCgBsPvgAE7shVk6ogOkxh5rJuakjqxDtDPE.ex_pa5PgAvI38i1gPS6v2_9_dfLyNMIG-cic97H5atk&dib_tag=se&keywords=mouse&qid=1711404675&sr=8-4","https://m.media-amazon.com/images/I/71tqvuHgIlL._AC_UY218_.jpg",4.5,67039,true,,"USD",9.99,,
"search","amazon.com","mouse",,,,5,"Amazon Basics 3-Button Wired USB Computer Mouse, Single, Black","B005EJH6RW","https://www.amazon.com/AmazonBasics-3-Button-Wired-Computer-1-Pack/dp/B005EJH6RW/ref=sr_1_5?dib=eyJ2IjoiMSJ9.5ImJyMbbi4eC20AvYHbPTcZ0QNyZXm8WmDSdbSdH2lUE-iXc-V6FMos2UB9kNy5pljMcZioN4C1Elt6yey9r5fr7zaB3Ai5sVPYBjBGxvj54wYHh3_fGIfOkkapiCNS8Jqkvm-MB4A_cSEJ9PMGFw9qEjBnFLVFc4JydulzoieEfq13YgKzcdCIxW-PW_lz5GCU9umFgCgBsPvgAE7shVk6ogOkxh5rJuakjqxDtDPE.ex_pa5PgAvI38i1gPS6v2_9_dfLyNMIG-cic97H5atk&dib_tag=se&keywords=mouse&qid=1711404675&sr=8-5","https://m.media-amazon.com/images/I/61Mzk2NljxL._AC_UY218_.jpg",4.6,80140,true,,"USD",7.26,,
"search","amazon.com","mouse",,,,6,"SM66 White Silent Dual Mode Bluetooth/2.4GHz Wireless Mouse, Adjustable 4200 DPI,Rechargeable Computer Mouse Wireless Office Mouse for PC Mac Laptop, Desktop","B0CPLNPV6F","https://www.amazon.com/sspa/click?ie=UTF8&spc=MTozNDM3MDU5NzI1NTYwMDg0OjE3MTE0MDQ2NzU6c3Bfc2VhcmNoX3RoZW1hdGljOjMwMDEyMTYzMDQwMzIwMjo6MDo6&url=%2FSOLAKAKA-Bluetooth-Wireless-Adjustable-Rechargeable%2Fdp%2FB0CPLNPV6F%2Fref%3Dsxin_14_pa_sp_search_thematic_sspa%3Fcontent-id%3Damzn1.sym.3b6f6e97-b87a-4348-9b39-566e0375571e%253Aamzn1.sym.3b6f6e97-b87a-4348-9b39-566e0375571e%26cv_ct_cx%3Dmouse%26dib%3DeyJ2IjoiMSJ9.p-kOZFoq3M6UCyE8p-1Hvx3Oh7bENgCS8Yp1XShMwg6OKvcvGq5WlY3ECcZbnFL7BVB3uZRgXuMIZ-lZlx9wYA.N99KrmAvQMCPXhQraAw5_flmjo_XBUpWEWisxBzGtWQ%26dib_tag%3Dse%26keywords%3Dmouse%26pd_rd_i%3DB0CPLNPV6F%26pd_rd_r%3D5c6d793a-ad85-4f78-bf33-afed624fb388%26pd_rd_w%3Divv9t%26pd_rd_wg%3D5aAJA%26pf_rd_p%3D3b6f6e97-b87a-4348-9b39-566e0375571e%26pf_rd_r%3DSYR5ZH4ACJKRVEPW019D%26qid%3D1711404675%26sbo%3DTc8eqSFhUl4VwMzbE4fw%252Fw%253D%253D%26sr%3D1-1-ac07dfd7-5f37-4797-bcf7-0f4905c82761-spons%26sp_csd%3Dd2lkZ2V0TmFtZT1zcF9zZWFyY2hfdGhlbWF0aWM%26psc%3D1","https://m.media-amazon.com/images/I/51BPcKesRdL._AC_UL320_.jpg",4.7,24,true,true,"USD",14.36,,
"search","amazon.com","mouse",,,,7,"Lightweight Gaming Mouse,Rechargeable Wireless Gaming Mouse with USB Receiver RGB Backlight Computer Mouse for Laptop PC（Black）","B0CKW6C2YT","https://www.amazon.com/sspa/click?ie=UTF8&spc=MTozNDM3MDU5NzI1NTYwMDg0OjE3MTE0MDQ2NzU6c3Bfc2VhcmNoX3RoZW1hdGljOjo6MTpCMENLVzZDMllUOnNlYXJjaA&url=%2FSAYTAY-Lightweight-Rechargeable-Backlight-PC%25EF%25BC%2588Black%25EF%25BC%2589%2Fdp%2FB0CKW6C2YT%2Fref%3Dsxin_14_pa_sp_search_thematic_sspa%3Fcontent-id%3Damzn1.sym.3b6f6e97-b87a-4348-9b39-566e0375571e%253Aamzn1.sym.3b6f6e97-b87a-4348-9b39-566e0375571e%26cv_ct_cx%3Dmouse%26dib%3DeyJ2IjoiMSJ9.p-kOZFoq3M6UCyE8p-1Hvx3Oh7bENgCS8Yp1XShMwg6OKvcvGq5WlY3ECcZbnFL7BVB3uZRgXuMIZ-lZlx9wYA.N99KrmAvQMCPXhQraAw5_flmjo_XBUpWEWisxBzGtWQ%26dib_tag%3Dse%26keywords%3Dmouse%26pd_rd_i%3DB0CKW6C2YT%26pd_rd_r%3D5c6d793a-ad85-4f78-bf33-afed624fb388%26pd_rd_w%3Divv9t%26pd_rd_wg%3D5aAJA%26pf_rd_p%3D3b6f6e97-b87a-4348-9b39-566e0375571e%26pf_rd_r%3DSYR5ZH4ACJKRVEPW019D%26qid%3D1711404675%26sbo%3DRZvfv%252F%252FHxDF%252BO5021pAnSA%253D%253D%26sr%3D1-2-ac07dfd7-5f37-4797-bcf7-0f4905c82761-spons%26sp_csd%3Dd2lkZ2V0TmFtZT1zcF9zZWFyY2hfdGhlbWF0aWM%26psc%3D1","https://m.media-amazon.com/images/I/71AKyoiU5hL._AC_UL320_.jpg",5,1,true,,"USD",5,,
"search","amazon.com","mouse",,,,8,"Cute Cat Wireless Mouse, 2.4GHz Wireless Silent Mouse, USB Receiver Plug and Play, 3 Adjustable DPI, Compatible with Notebook, PC, Laptop, Computer- Purple Colorful","B0C7CX9BWD","https://www.amazon.com/sspa/click?ie=UTF8&spc=MTozNDM3MDU5NzI1NTYwMDg0OjE3MTE0MDQ2NzU6c3Bfc2VhcmNoX3RoZW1hdGljOjo6MjpCMEM3Q1g5QldEOnNlYXJjaA&url=%2FWireless-Receiver-Adjustable-Compatible-Computer%2Fdp%2FB0C7CX9BWD%2Fref%3Dsxin_14_pa_sp_search_thematic_sspa%3Fcontent-id%3Damzn1.sym.3b6f6e97-b87a-4348-9b39-566e0375571e%253Aamzn1.sym.3b6f6e97-b87a-4348-9b39-566e0375571e%26cv_ct_cx%3Dmouse%26dib%3DeyJ2IjoiMSJ9.p-kOZFoq3M6UCyE8p-1Hvx3Oh7bENgCS8Yp1XShMwg6OKvcvGq5WlY3ECcZbnFL7BVB3uZRgXuMIZ-lZlx9wYA.N99KrmAvQMCPXhQraAw5_flmjo_XBUpWEWisxBzGtWQ%26dib_tag%3Dse%26keywords%3Dmouse%26pd_rd_i%3DB0C7CX9BWD%26pd_rd_r%3D5c6d793a-ad85-4f78-bf33-afed624fb388%26pd_rd_w%3Divv9t%26pd_rd_wg%3D5aAJA%26pf_rd_p%3D3b6f6e97-b87a-4348-9b39-566e0375571e%26pf_rd_r%3DSYR5ZH4ACJKRVEPW019D%26qid%3D1711404675%26sbo%3DRZvfv%252F%252FHxDF%252BO5021pAnSA%253D%253D%26sr%3D1-3-ac07dfd7-5f37-4797-bcf7-0f4905c82761-spons%26sp_csd%3Dd2lkZ2V0TmFtZT1zcF9zZWFyY2hfdGhlbWF0aWM%26psc%3D1","https://m.media-amazon.com/images/I/51aFdzSr57L._AC_UL320_.jpg",4.8,59,true,,"USD",15.99,,
"search","amazon.com","mouse",,,,9,"seenda Wireless Mouse, 2.4G Noiseless Mouse with USB Receiver - Portable Computer Mice for PC, Tablet, Laptop with Windows System - Mint Green","B07H8TJMX7","https://www.amazon.com/sspa/click?ie=UTF8&spc=MTozNDM3MDU5NzI1NTYwMDg0OjE3MTE0MDQ2NzU6c3Bfc2VhcmNoX3RoZW1hdGljOjo6MzpCMDdIOFRKTVg3OnNlYXJjaA&url=%2Fseenda-Wireless-Noiseless-Receiver-Portable%2Fdp%2FB07H8TJMX7%2Fref%3Dsxin_14_pa_sp_search_thematic_sspa%3Fcontent-id%3Damzn1.sym.3b6f6e97-b87a-4348-9b39-566e0375571e%253Aamzn1.sym.3b6f6e97-b87a-4348-9b39-566e0375571e%26cv_ct_cx%3Dmouse%26dib%3DeyJ2IjoiMSJ9.p-kOZFoq3M6UCyE8p-1Hvx3Oh7bENgCS8Yp1XShMwg6OKvcvGq5WlY3ECcZbnFL7BVB3uZRgXuMIZ-lZlx9wYA.N99KrmAvQMCPXhQraAw5_flmjo_XBUpWEWisxBzGtWQ%26dib_tag%3Dse%26keywords%3Dmouse%26pd_rd_i%3DB07H8TJMX7%26pd_rd_r%3D5c6d793a-ad85-4f78-bf33-afed624fb388%26pd_rd_w%3Divv9t%26pd_rd_wg%3D5aAJA%26pf_rd_p%3D3b6f6e97-b87a-4348-9b39-566e0375571e%26pf_rd_r%3DSYR5ZH4ACJKRVEPW019D%26qid%3D1711404675%26sbo%3DRZvfv%252F%252FHxDF%252BO5021pAnSA%253D%253D%26sr%3D1-4-ac07dfd7-5f37-4797-bcf7-0f4905c82761-spons%26sp_csd%3Dd2lkZ2V0TmFtZT1zcF9zZWFyY2hfdGhlbWF0aWM%26psc%3D1","https://m.media-amazon.com/images/I/61J9PsicKqL._AC_UL320_.jpg",4.5,118864,true,,"USD",7.98,,
"search","amazon.com","mouse",,,,10,"Logitech POP Mouse, Wireless Mouse with Customizable Emojis, SilentTouch Technology, Precision/Speed Scroll, Compact Design, Bluetooth, Multi-Device, OS Compatible - Graphite","B0CDFF9QSW","https://www.amazon.com/sspa/click?ie=UTF8&spc=MTozNDM3MDU5NzI1NTYwMDg0OjE3MTE0MDQ2NzU6c3Bfc2VhcmNoX3RoZW1hdGljOjo6NDpCMENERkY5UVNXOnNlYXJjaA&url=%2FLogitech-Customizable-SilentTouch-Technology-Multi-Device%2Fdp%2FB0CDFF9QSW%2Fref%3Dsxin_14_pa_sp_search_thematic_sspa%3Fcontent-id%3Damzn1.sym.3b6f6e97-b87a-4348-9b39-566e0375571e%253Aamzn1.sym.3b6f6e97-b87a-4348-9b39-566e0375571e%26cv_ct_cx%3Dmouse%26dib%3DeyJ2IjoiMSJ9.p-kOZFoq3M6UCyE8p-1Hvx3Oh7bENgCS8Yp1XShMwg6OKvcvGq5WlY3ECcZbnFL7BVB3uZRgXuMIZ-lZlx9wYA.N99KrmAvQMCPXhQraAw5_flmjo_XBUpWEWisxBzGtWQ%26dib_tag%3Dse%26keywords%3Dmouse%26pd_rd_i%3DB0CDFF9QSW%26pd_rd_r%3D5c6d793a-ad85-4f78-bf33-afed624fb388%26pd_rd_w%3Divv9t%26pd_rd_wg%3D5aAJA%26pf_rd_p%3D3b6f6e97-b87a-4348-9b39-566e0375571e%26pf_rd_r%3DSYR5ZH4ACJKRVEPW019D%26qid%3D1711404675%26sbo%3DRZvfv%252F%252FHxDF%252BO5021pAnSA%253D%253D%26sr%3D1-5-ac07dfd7-5f37-4797-bcf7-0f4905c82761-spons%26sp_csd%3Dd2lkZ2V0TmFtZT1zcF9zZWFyY2hfdGhlbWF0aWM%26psc%3D1","https://m.media-amazon.com/images/I/516w8nbpl8L._AC_UL320_.jpg",4.7,2596,true,,"USD",29.99,,
"search","amazon.com","mouse",,,,11,"TECKNET Wireless Mouse, 2.4G Ergonomic Optical Mouse, Computer Mouse for Laptop, PC, Computer, Chromebook, Notebook, 6 Buttons, 24 Months Battery Life","B015NBTAOW","https://www.amazon.com/sspa/click?ie=UTF8&spc=MTo2NzM4NDM5ODk3NDcwODQ6MTcxMTQwNDY3NTpzcF9zZWFyY2hfdGhlbWF0aWM6MjAwMDY2MjY0NzM5Nzk4OjowOjo&url=%2FTeckNet-Ergonomic-Wireless-Chromebook-Adjustment%2Fdp%2FB015NBTAOW%2Fref%3Dsxin_15_pa_sp_search_thematic_sspa%3Fcontent-id%3Damzn1.sym.a16e5769-e80f-4b10-abd3-4efb36e075a9%253Aamzn1.sym.a16e5769-e80f-4b10-abd3-4efb36e075a9%26cv_ct_cx%3Dmouse%26dib%3DeyJ2IjoiMSJ9.l7TOsr-i9AZbUAGRTJQ2YG19tijuu8hWbvPnaD8o5T-wb6Rx9f3yY02k-Ihb1KRFI6JxWkcUQM-uZE6kGYQvPw.Rys5TjAB2ANnoxkOg6Eel-9WUOCf0t8xnzSZOt6KTmc%26dib_tag%3Dse%26keywords%3Dmouse%26pd_rd_i%3DB015NBTAOW%26pd_rd_r%3D5c6d793a-ad85-4f78-bf33-afed624fb388%26pd_rd_w%3Dnanap%26pd_rd_wg%3D5aAJA%26pf_rd_p%3Da16e5769-e80f-4b10-abd3-4efb36e075a9%26pf_rd_r%3DSYR5ZH4ACJKRVEPW019D%26qid%3D1711404675%26sbo%3DRZvfv%252F%252FHxDF%252BO5021pAnSA%253D%253D%26sr%3D1-1-2c727eeb-987f-452f-86bd-c2978cc9d8b9-spons%26sp_csd%3Dd2lkZ2V0TmFtZT1zcF9zZWFyY2hfdGhlbWF0aWM%26psc%3D1","https://m.media-amazon.com/images/I/71tqvuHgIlL._AC_UL320_.jpg",4.5,67039,true,,"USD",9.99,,
"search","amazon.com","mouse",,,,12,"ASUS ROG Harpe Gaming Wireless Mouse, Ace Aim Lab Edition, 54g Ultra-Lightweight, 36,000 DPI Sensor, 5 Programmable Buttons, Tri-Mode Connectivity (2.4GHz RF, Bluetooth, Wired), SpeedNova, Black","B0BSKX9V7C","https://www.amazon.com/sspa/click?ie=UTF8&spc=MTo2NzM4NDM5ODk3NDcwODQ6MTcxMTQwNDY3NTpzcF9zZWFyY2hfdGhlbWF0aWM6MjAwMTM2ODQ5NDU2Mjk4OjoxOjo&url=%2FASUS-ROG-Ultra-Lightwieght-Connectivity-Programmable%2Fdp%2FB0BSKX9V7C%2Fref%3Dsxin_15_pa_sp_search_thematic_sspa%3Fcontent-id%3Damzn1.sym.a16e5769-e80f-4b10-abd3-4efb36e075a9%253Aamzn1.sym.a16e5769-e80f-4b10-abd3-4efb36e075a9%26cv_ct_cx%3Dmouse%26dib%3DeyJ2IjoiMSJ9.l7TOsr-i9AZbUAGRTJQ2YG19tijuu8hWbvPnaD8o5T-wb6Rx9f3yY02k-Ihb1KRFI6JxWkcUQM-uZE6kGYQvPw.Rys5TjAB2ANnoxkOg6Eel-9WUOCf0t8xnzSZOt6KTmc%26dib_tag%3Dse%26keywords%3Dmouse%26pd_rd_i%3DB0BSKX9V7C%26pd_rd_r%3D5c6d793a-ad85-4f78-bf33-afed624fb388%26pd_rd_w%3Dnanap%26pd_rd_wg%3D5aAJA%26pf_rd_p%3Da16e5769-e80f-4b10-abd3-4efb36e075a9%26pf_rd_r%3DSYR5ZH4ACJKRVEPW019D%26qid%3D1711404675%26sbo%3DRZvfv%252F%252FHxDF%252BO5021pAnSA%253D%253D%26sr%3D1-2-2c727eeb-987f-452f-86bd-c2978cc9d8b9-spons%26sp_csd%3Dd2lkZ2V0TmFtZT1zcF9zZWFyY2hfdGhlbWF0aWM%26psc%3D1","https://m.media-amazon.com/images/I/71ufA6nd5cL._AC_UL320_.jpg",4.5,283,true,,"USD",99.99,,
"search","amazon.com","mouse",,,,13,"ProtoArc Wired Trackball Mouse, EM04 Wired USB C Ergonomic Rollerball Mouse Computer Laptop Mouse, Smooth Tracking, Thumb Control, Compatible with PC, Mac, Windows-Gray Ball","B0CMQLBMLG","https://www.amazon.com/sspa/click?ie=UTF8&spc=MTo2NzM4NDM5ODk3NDcwODQ6MTcxMTQwNDY3NTpzcF9zZWFyY2hfdGhlbWF0aWM6MzAwMTQ1OTgwMTk3MjAyOjoyOjo&url=%2FProtoArc-Wired-Rollerball-Compatible-Windows-Gray%2Fdp%2FB0CMQLBMLG%2Fref%3Dsxin_15_pa_sp_search_thematic_sspa%3Fcontent-id%3Damzn1.sym.a16e5769-e80f-4b10-abd3-4efb36e075a9%253Aamzn1.sym.a16e5769-e80f-4b10-abd3-4efb36e075a9%26cv_ct_cx%3Dmouse%26dib%3DeyJ2IjoiMSJ9.l7TOsr-i9AZbUAGRTJQ2YG19tijuu8hWbvPnaD8o5T-wb6Rx9f3yY02k-Ihb1KRFI6JxWkcUQM-uZE6kGYQvPw.Rys5TjAB2ANnoxkOg6Eel-9WUOCf0t8xnzSZOt6KTmc%26dib_tag%3Dse%26keywords%3Dmouse%26pd_rd_i%3DB0CMQLBMLG%26pd_rd_r%3D5c6d793a-ad85-4f78-bf33-afed624fb388%26pd_rd_w%3Dnanap%26pd_rd_wg%3D5aAJA%26pf_rd_p%3Da16e5769-e80f-4b10-abd3-4efb36e075a9%26pf_rd_r%3DSYR5ZH4ACJKRVEPW019D%26qid%3D1711404675%26sbo%3DRZvfv%252F%252FHxDF%252BO5021pAnSA%253D%253D%26sr%3D1-3-2c727eeb-987f-452f-86bd-c2978cc9d8b9-spons%26sp_csd%3Dd2lkZ2V0TmFtZT1zcF9zZWFyY2hfdGhlbWF0aWM%26psc%3D1","https://m.media-amazon.com/images/I/61o4idxY5HL._AC_UL320_.jpg",4.4,145,true,,"USD",18.99,,
"search","amazon.com","mouse",,,,14,"Redragon M810 Pro Wireless Gaming Mouse, 10000 DPI Wired/Wireless Gamer Mouse w/Rapid Fire Key, 8 Macro Buttons, 45-Hour Durable Power Capacity and RGB Backlit for PC/Mac/Laptop","B09ZY348SY","https://www.amazon.com/sspa/click?ie=UTF8&spc=MTo2NzM4NDM5ODk3NDcwODQ6MTcxMTQwNDY3NTpzcF9zZWFyY2hfdGhlbWF0aWM6MjAwMDY3Njc4Nzg4Njk4OjozOjo&url=%2FRedragon-M810-Wireless-Buttons-Capacity%2Fdp%2FB09ZY348SY%2Fref%3Dsxin_15_pa_sp_search_thematic_sspa%3Fcontent-id%3Damzn1.sym.a16e5769-e80f-4b10-abd3-4efb36e075a9%253Aamzn1.sym.a16e5769-e80f-4b10-abd3-4efb36e075a9%26cv_ct_cx%3Dmouse%26dib%3DeyJ2IjoiMSJ9.l7TOsr-i9AZbUAGRTJQ2YG19tijuu8hWbvPnaD8o5T-wb6Rx9f3yY02k-Ihb1KRFI6JxWkcUQM-uZE6kGYQvPw.Rys5TjAB2ANnoxkOg6Eel-9WUOCf0t8xnzSZOt6KTmc%26dib_tag%3Dse%26keywords%3Dmouse%26pd_rd_i%3DB09ZY348SY%26pd_rd_r%3D5c6d793a-ad85-4f78-bf33-afed624fb388%26pd_rd_w%3Dnanap%26pd_rd_wg%3D5aAJA%26pf_rd_p%3Da16e5769-e80f-4b10-abd3-4efb36e075a9%26pf_rd_r%3DSYR5ZH4ACJKRVEPW019D%26qid%3D1711404675%26sbo%3DRZvfv%252F%252FHxDF%252BO5021pAnSA%253D%253D%26sr%3D1-4-2c727eeb-987f-452f-86bd-c2978cc9d8b9-spons%26sp_csd%3Dd2lkZ2V0TmFtZT1zcF9zZWFyY2hfdGhlbWF0aWM%26psc%3D1","https://m.media-amazon.com/images/I/51UCF1KOnKL._AC_UL320_.jpg",4.5,1229,true,,"USD",32.99,,
"search","amazon.com","mouse",,,,15,"HP Wireless Mouse - Black, 15-Month Battery, 1600 DPI Sensor, Side Grips - For PC/Laptop, Mac, Chromebook","B09Y8K2HJN","https://www.amazon.com/sspa/click?ie=UTF8&spc=MTo2NzM4NDM5ODk3NDcwODQ6MTcxMTQwNDY3NTpzcF9zZWFyY2hfdGhlbWF0aWM6MzAwMTQ5NzgxMzc0ODAyOjo0Ojo&url=%2FHP-X3000-Wireless-Mouse-Travel-Friendly%2Fdp%2FB09Y8K2HJN%2Fref%3Dsxin_15_pa_sp_search_thematic_sspa%3Fcontent-id%3Damzn1.sym.a16e5769-e80f-4b10-abd3-4efb36e075a9%253Aamzn1.sym.a16e5769-e80f-4b10-abd3-4efb36e075a9%26cv_ct_cx%3Dmouse%26dib%3DeyJ2IjoiMSJ9.l7TOsr-i9AZbUAGRTJQ2YG19tijuu8hWbvPnaD8o5T-wb6Rx9f3yY02k-Ihb1KRFI6JxWkcUQM-uZE6kGYQvPw.Rys5TjAB2ANnoxkOg6Eel-9WUOCf0t8xnzSZOt6KTmc%26dib_tag%3Dse%26keywords%3Dmouse%26pd_rd_i%3DB09Y8K2HJN%26pd_rd_r%3D5c6d793a-ad85-4f78-bf33-afed624fb388%26pd_rd_w%3Dnanap%26pd_rd_wg%3D5aAJA%26pf_rd_p%3Da16e5769-e80f-4b10-abd3-4efb36e075a9%26pf_rd_r%3DSYR5ZH4ACJKRVEPW019D%26qid%3D1711404675%26sbo%3DRZvfv%252F%252FHxDF%252BO5021pAnSA%253D%253D%26sr%3D1-5-2c727eeb-987f-452f-86bd-c2978cc9d8b9-spons%26sp_csd%3Dd2lkZ2V0TmFtZT1zcF9zZWFyY2hfdGhlbWF0aWM%26psc%3D1","https://m.media-amazon.com/images/I/610qzHRTFOL._AC_UL320_.jpg",4.6,25728,true,,"USD",16.82,,
"search","amazon.com","mouse",,,,16,"Amazon Basics 2.4 Ghz Wireless Optical Computer Mouse with USB Nano Receiver, Black","B005EJH6Z4","https://www.amazon.com/AmazonBasics-Wireless-Computer-Mouse-Receiver/dp/B005EJH6Z4/ref=sr_1_6?dib=eyJ2IjoiMSJ9.5ImJyMbbi4eC20AvYHbPTcZ0QNyZXm8WmDSdbSdH2lUE-iXc-V6FMos2UB9kNy5pljMcZioN4C1Elt6yey9r5fr7zaB3Ai5sVPYBjBGxvj54wYHh3_fGIfOkkapiCNS8Jqkvm-MB4A_cSEJ9PMGFw9qEjBnFLVFc4JydulzoieEfq13YgKzcdCIxW-PW_lz5GCU9umFgCgBsPvgAE7shVk6ogOkxh5rJuakjqxDtDPE.ex_pa5PgAvI38i1gPS6v2_9_dfLyNMIG-cic97H5atk&dib_tag=se&keywords=mouse&qid=1711404675&sr=8-6","https://m.media-amazon.com/images/I/61YQeAUIboL._AC_UY218_.jpg",4.5,61616,true,,"USD",10.83,,
"search","amazon.com","mouse",,,,17,"Amazon Basics 3-Button Wired USB Computer Mouse, Single, Black","B005EJH6RW","https://www.amazon.com/sspa/click?ie=UTF8&spc=MTo1NjAwMzM4Mjk3MDk3MDg0OjE3MTE0MDQ2NzU6c3BfbXRmOjIwMDAxMDUwOTcyMzYzMTo6MDo6&url=%2FAmazonBasics-3-Button-Wired-Computer-1-Pack%2Fdp%2FB005EJH6RW%2Fref%3Dsr_1_7_ffob_sspa%3Fdib%3DeyJ2IjoiMSJ9.5ImJyMbbi4eC20AvYHbPTcZ0QNyZXm8WmDSdbSdH2lUE-iXc-V6FMos2UB9kNy5pljMcZioN4C1Elt6yey9r5fr7zaB3Ai5sVPYBjBGxvj54wYHh3_fGIfOkkapiCNS8Jqkvm-MB4A_cSEJ9PMGFw9qEjBnFLVFc4JydulzoieEfq13YgKzcdCIxW-PW_lz5GCU9umFgCgBsPvgAE7shVk6ogOkxh5rJuakjqxDtDPE.ex_pa5PgAvI38i1gPS6v2_9_dfLyNMIG-cic97H5atk%26dib_tag%3Dse%26keywords%3Dmouse%26qid%3D1711404675%26sr%3D8-7-spons%26sp_csd%3Dd2lkZ2V0TmFtZT1zcF9tdGY%26psc%3D1","https://m.media-amazon.com/images/I/61Mzk2NljxL._AC_UY218_.jpg",4.6,80140,true,,"USD",7.26,,
"search","amazon.com","mouse",,,,18,"Uiosmuph LED Wireless Mouse, G12 Slim Rechargeable Silent Mouse, 2.4G Portable USB Optical Computer Mice with USB Receiver and Type C Adapter (Matte Black)","B0836GXKKB","https://www.amazon.com/Wireless-Uiosmuph-Rechargeable-Portable-Computer/dp/B0836GXKKB/ref=sr_1_8?dib=eyJ2IjoiMSJ9.5ImJyMbbi4eC20AvYHbPTcZ0QNyZXm8WmDSdbSdH2lUE-iXc-V6FMos2UB9kNy5pljMcZioN4C1Elt6yey9r5fr7zaB3Ai5sVPYBjBGxvj54wYHh3_fGIfOkkapiCNS8Jqkvm-MB4A_cSEJ9PMGFw9qEjBnFLVFc4JydulzoieEfq13YgKzcdCIxW-PW_lz5GCU9umFgCgBsPvgAE7shVk6ogOkxh5rJuakjqxDtDPE.ex_pa5PgAvI38i1gPS6v2_9_dfLyNMIG-cic97H5atk&dib_tag=se&keywords=mouse&qid=1711404675&sr=8-8","https://m.media-amazon.com/images/I/51KCV2cdDsS._AC_UY218_.jpg",4.3,68080,true,,"USD",11.99,,
"search","amazon.com","mouse",,,,19,"Logitech M510 Wireless Computer Mouse for PC with USB Unifying Receiver - Graphite","B087Z5WDJ2","https://www.amazon.com/Logitech-Wireless-Computer-Unifying-Receiver/dp/B087Z5WDJ2/ref=sr_1_9?dib=eyJ2IjoiMSJ9.5ImJyMbbi4eC20AvYHbPTcZ0QNyZXm8WmDSdbSdH2lUE-iXc-V6FMos2UB9kNy5pljMcZioN4C1Elt6yey9r5fr7zaB3Ai5sVPYBjBGxvj54wYHh3_fGIfOkkapiCNS8Jqkvm-MB4A_cSEJ9PMGFw9qEjBnFLVFc4JydulzoieEfq13YgKzcdCIxW-PW_lz5GCU9umFgCgBsPvgAE7shVk6ogOkxh5rJuakjqxDtDPE.ex_pa5PgAvI38i1gPS6v2_9_dfLyNMIG-cic97H5atk&dib_tag=se&keywords=mouse&qid=1711404675&sr=8-9","https://m.media-amazon.com/images/I/61xgpXecLML._AC_UY218_.jpg",4.7,29259,true,,"USD",24.99,,
"search","amazon.com","mouse",,,,20,"Wireless D-09 Computer Mouse USB Cordless Mice for Laptop, Ergo Grips, Lightspeed 5-Level 2400 DPI, 16 Months Battery, Portable for PC Mac Chromebook, 6 Button, Stormy Black","B09JG4KJN5","https://www.amazon.com/HOTWEEMS-D-09-Wireless-Mouse-Laptop/dp/B09JG4KJN5/ref=sr_1_10?dib=eyJ2IjoiMSJ9.5ImJyMbbi4eC20AvYHbPTcZ0QNyZXm8WmDSdbSdH2lUE-iXc-V6FMos2UB9kNy5pljMcZioN4C1Elt6yey9r5fr7zaB3Ai5sVPYBjBGxvj54wYHh3_fGIfOkkapiCNS8Jqkvm-MB4A_cSEJ9PMGFw9qEjBnFLVFc4JydulzoieEfq13YgKzcdCIxW-PW_lz5GCU9umFgCgBsPvgAE7shVk6ogOkxh5rJuakjqxDtDPE.ex_pa5PgAvI38i1gPS6v2_9_dfLyNMIG-cic97H5atk&dib_tag=se&keywords=mouse&qid=1711404675&sr=8-10","https://m.media-amazon.com/images/I/619dV6hK4sL._AC_UY218_.jpg",4.5,9211,true,,"USD",12.99,,
"search","amazon.com","mouse",,,,21,"Logitech M317 Wireless Mouse, 2.4 GHz with USB Receiver, 1000 DPI Optical Tracking, 12 Month Battery, Compatible with PC, Mac, Laptop, Chromebook - Blue","B00ADBY98A","https://www.amazon.com/Logitech-Wireless-Mouse-Unifying-Receiver/dp/B00ADBY98A/ref=sr_1_11?dib=eyJ2IjoiMSJ9.5ImJyMbbi4eC20AvYHbPTcZ0QNyZXm8WmDSdbSdH2lUE-iXc-V6FMos2UB9kNy5pljMcZioN4C1Elt6yey9r5fr7zaB3Ai5sVPYBjBGxvj54wYHh3_fGIfOkkapiCNS8Jqkvm-MB4A_cSEJ9PMGFw9qEjBnFLVFc4JydulzoieEfq13YgKzcdCIxW-PW_lz5GCU9umFgCgBsPvgAE7shVk6ogOkxh5rJuakjqxDtDPE.ex_pa5PgAvI38i1gPS6v2_9_dfLyNMIG-cic97H5atk&dib_tag=se&keywords=mouse&qid=1711404675&sr=8-11","https://m.media-amazon.com/images/I/51d0e+T29GL._AC_UY218_.jpg",4.6,6952,true,,"USD",19.99,,
"search","amazon.com","mouse",,,,22,"Unique Look Wireless Mouse with USB＆Type C 2-in-1 Receiver, Rechargeable, Silent Click, Optical, Cordless Mouse for Laptop,PC,Computer,MacBook and All USB Type C Devices-Metal Grey","B09PYSNBDJ","https://www.amazon.com/sspa/click?ie=UTF8&spc=MTo1NjAwMzM4Mjk3MDk3MDg0OjE3MTE0MDQ2NzU6c3BfbXRmOjIwMDE3MDA2MTY2ODY5ODo6MDo6&url=%2FDancesoul-Rechargeable-Wireless-Receiver-Ergonomic%2Fdp%2FB09PYSNBDJ%2Fref%3Dsr_1_12_sspa%3Fdib%3DeyJ2IjoiMSJ9.5ImJyMbbi4eC20AvYHbPTcZ0QNyZXm8WmDSdbSdH2lUE-iXc-V6FMos2UB9kNy5pljMcZioN4C1Elt6yey9r5fr7zaB3Ai5sVPYBjBGxvj54wYHh3_fGIfOkkapiCNS8Jqkvm-MB4A_cSEJ9PMGFw9qEjBnFLVFc4JydulzoieEfq13YgKzcdCIxW-PW_lz5GCU9umFgCgBsPvgAE7shVk6ogOkxh5rJuakjqxDtDPE.ex_pa5PgAvI38i1gPS6v2_9_dfLyNMIG-cic97H5atk%26dib_tag%3Dse%26keywords%3Dmouse%26qid%3D1711404675%26sr%3D8-12-spons%26sp_csd%3Dd2lkZ2V0TmFtZT1zcF9tdGY%26psc%3D1","https://m.media-amazon.com/images/I/61zan4lvjFL._AC_UY218_.jpg",3.8,810,true,true,"USD",14.99,,
"search","amazon.com","mouse",,,,23,"VssoPlor Wireless Mouse, 2.4G Slim Portable Computer Mice with Nano Receiver for Notebook, PC, Laptop, Computer (Black and Gold)","B098S48QWM","https://www.amazon.com/Wireless-Vssoplor-Portable-Computer-Computer-Black/dp/B098S48QWM/ref=sr_1_13?dib=eyJ2IjoiMSJ9.5ImJyMbbi4eC20AvYHbPTcZ0QNyZXm8WmDSdbSdH2lUE-iXc-V6FMos2UB9kNy5pljMcZioN4C1Elt6yey9r5fr7zaB3Ai5sVPYBjBGxvj54wYHh3_fGIfOkkapiCNS8Jqkvm-MB4A_cSEJ9PMGFw9qEjBnFLVFc4JydulzoieEfq13YgKzcdCIxW-PW_lz5GCU9umFgCgBsPvgAE7shVk6ogOkxh5rJuakjqxDtDPE.ex_pa5PgAvI38i1gPS6v2_9_dfLyNMIG-cic97H5atk&dib_tag=se&keywords=mouse&qid=1711404675&sr=8-13","https://m.media-amazon.com/images/I/51dsuumz6HL._AC_UY218_.jpg",4.6,19056,true,,"USD",9.98,,
"search","amazon.com","mouse",,,,24,"Logitech M705 Marathon Wireless Mouse, 2.4 GHz USB Unifying Receiver, 1000 DPI, 5-Programmable Buttons, 3-Year Battery, Compatible with PC, Mac, Laptop, Chromebook - Black","B087Z733CM","https://www.amazon.com/Logitech-M705-Wireless-Marathon-Mouse/dp/B087Z733CM/ref=sr_1_14?dib=eyJ2IjoiMSJ9.5ImJyMbbi4eC20AvYHbPTcZ0QNyZXm8WmDSdbSdH2lUE-iXc-V6FMos2UB9kNy5pljMcZioN4C1Elt6yey9r5fr7zaB3Ai5sVPYBjBGxvj54wYHh3_fGIfOkkapiCNS8Jqkvm-MB4A_cSEJ9PMGFw9qEjBnFLVFc4JydulzoieEfq13YgKzcdCIxW-PW_lz5GCU9umFgCgBsPvgAE7shVk6ogOkxh5rJuakjqxDtDPE.ex_pa5PgAvI38i1gPS6v2_9_dfLyNMIG-cic97H5atk&dib_tag=se&keywords=mouse&qid=1711404675&sr=8-14","https://m.media-amazon.com/images/I/51TkFs1HUqL._AC_UY218_.jpg",4.5,20495,true,,"USD",34.99,,
"search","amazon.com","mouse",,,,25,"Logitech B100 Corded Mouse, Wired USB Mouse for Computers and Laptops, Right or Left Hand Use - Black","B003L62T7W","https://www.amazon.com/Logitech-B100-Corded-Mouse-Computers/dp/B003L62T7W/ref=sr_1_15?dib=eyJ2IjoiMSJ9.5ImJyMbbi4eC20AvYHbPTcZ0QNyZXm8WmDSdbSdH2lUE-iXc-V6FMos2UB9kNy5pljMcZioN4C1Elt6yey9r5fr7zaB3Ai5sVPYBjBGxvj54wYHh3_fGIfOkkapiCNS8Jqkvm-MB4A_cSEJ9PMGFw9qEjBnFLVFc4JydulzoieEfq13YgKzcdCIxW-PW_lz5GCU9umFgCgBsPvgAE7shVk6ogOkxh5rJuakjqxDtDPE.ex_pa5PgAvI38i1gPS6v2_9_dfLyNMIG-cic97H5atk&dib_tag=se&keywords=mouse&qid=1711404675&sr=8-15","https://m.media-amazon.com/images/I/61hzuoXwjqL._AC_UY218_.jpg",4.7,37577,true,,"USD",7.99,,
"search","amazon.com","mouse",,,,26,"Razer DeathAdder Essential Gaming Mouse: 6400 DPI Optical Sensor - 5 Programmable Buttons - Mechanical Switches - Rubber Side Grips - Classic Black","B094PS5RZQ","https://www.amazon.com/Razer-DeathAdder-Essential-Gaming-Mouse/dp/B094PS5RZQ/ref=sr_1_16?dib=eyJ2IjoiMSJ9.5ImJyMbbi4eC20AvYHbPTcZ0QNyZXm8WmDSdbSdH2lUE-iXc-V6FMos2UB9kNy5pljMcZioN4C1Elt6yey9r5fr7zaB3Ai5sVPYBjBGxvj54wYHh3_fGIfOkkapiCNS8Jqkvm-MB4A_cSEJ9PMGFw9qEjBnFLVFc4JydulzoieEfq13YgKzcdCIxW-PW_lz5GCU9umFgCgBsPvgAE7shVk6ogOkxh5rJuakjqxDtDPE.ex_pa5PgAvI38i1gPS6v2_9_dfLyNMIG-cic97H5atk&dib_tag=se&keywords=mouse&qid=1711404675&sr=8-16","https://m.media-amazon.com/images/I/8189uwDnMkL._AC_UY218_.jpg",4.4,10735,true,,"USD",25,,
"search","amazon.com","mouse",,,,27,"SM900 White Wired Gaming Mouse with Honeycomb Shell,12800 DPI,7 Programmable Buttons,Lightweight Gaming Mice Ergonomic Computer Mouse Gaming for Windows/PC/Mac/Laptop Gamer","B0CHNVBBLF","https://www.amazon.com/sspa/click?ie=UTF8&spc=MTo1NjAwMzM4Mjk3MDk3MDg0OjE3MTE0MDQ2NzU6c3BfbXRmOjMwMDA2Mzk3MjE3MDYwMjo6MDo6&url=%2FSOLAKAKA-Honeycomb-Programmable-Lightweight-Ergonomic%2Fdp%2FB0CHNVBBLF%2Fref%3Dsr_1_17_sspa%3Fdib%3DeyJ2IjoiMSJ9.5ImJyMbbi4eC20AvYHbPTcZ0QNyZXm8WmDSdbSdH2lUE-iXc-V6FMos2UB9kNy5pljMcZioN4C1Elt6yey9r5fr7zaB3Ai5sVPYBjBGxvj54wYHh3_fGIfOkkapiCNS8Jqkvm-MB4A_cSEJ9PMGFw9qEjBnFLVFc4JydulzoieEfq13YgKzcdCIxW-PW_lz5GCU9umFgCgBsPvgAE7shVk6ogOkxh5rJuakjqxDtDPE.ex_pa5PgAvI38i1gPS6v2_9_dfLyNMIG-cic97H5atk%26dib_tag%3Dse%26keywords%3Dmouse%26qid%3D1711404675%26sr%3D8-17-spons%26sp_csd%3Dd2lkZ2V0TmFtZT1zcF9tdGY%26psc%3D1","https://m.media-amazon.com/images/I/61wmkh+azPL._AC_UY218_.jpg",4.4,141,true,true,"USD",18.89,,
"search","amazon.com","mouse",,,,28,"Rii Wireless Mouse 1000 DPI for PC, Laptop, Windows,Office Included Wireless USB dongle (Black)","B073319ZJF","https://www.amazon.com/Rii-Wireless-1000DPI-Windows-Included/dp/B073319ZJF/ref=sr_1_18?dib=eyJ2IjoiMSJ9.5ImJyMbbi4eC20AvYHbPTcZ0QNyZXm8WmDSdbSdH2lUE-iXc-V6FMos2UB9kNy5pljMcZioN4C1Elt6yey9r5fr7zaB3Ai5sVPYBjBGxvj54wYHh3_fGIfOkkapiCNS8Jqkvm-MB4A_cSEJ9PMGFw9qEjBnFLVFc4JydulzoieEfq13YgKzcdCIxW-PW_lz5GCU9umFgCgBsPvgAE7shVk6ogOkxh5rJuakjqxDtDPE.ex_pa5PgAvI38i1gPS6v2_9_dfLyNMIG-cic97H5atk&dib_tag=se&keywords=mouse&qid=1711404675&sr=8-18","https://m.media-amazon.com/images/I/71OUy8F48ZL._AC_UY218_.jpg",4.3,10856,true,,"USD",5.49,,
"search","amazon.com","mouse",,,,29,"Logitech M510 Wireless Computer Mouse – Comfortable Shape with USB Unifying Receiver, with Back/Forward Buttons and Side-to-Side Scrolling, Dark Gray","B003NR57BY","https://www.amazon.com/Logitech-Wireless-Computer-Mouse-Side/dp/B003NR57BY/ref=sr_1_19?dib=eyJ2IjoiMSJ9.5ImJyMbbi4eC20AvYHbPTcZ0QNyZXm8WmDSdbSdH2lUE-iXc-V6FMos2UB9kNy5pljMcZioN4C1Elt6yey9r5fr7zaB3Ai5sVPYBjBGxvj54wYHh3_fGIfOkkapiCNS8Jqkvm-MB4A_cSEJ9PMGFw9qEjBnFLVFc4JydulzoieEfq13YgKzcdCIxW-PW_lz5GCU9umFgCgBsPvgAE7shVk6ogOkxh5rJuakjqxDtDPE.ex_pa5PgAvI38i1gPS6v2_9_dfLyNMIG-cic97H5atk&dib_tag=se&keywords=mouse&qid=1711404675&sr=8-19","https://m.media-amazon.com/images/I/71zdnBGqJFL._AC_UY218_.jpg",4.7,38672,true,,"USD",22.99,,
"search","amazon.com","mouse",,,,30,"seenda Wireless Mouse, 2.4G Noiseless Mouse with USB Receiver - Portable Computer Mice for PC, Tablet, Laptop with Windows System - Mint Green","B07H8TJMX7","https://www.amazon.com/seenda-Wireless-Noiseless-Receiver-Portable/dp/B07H8TJMX7/ref=sr_1_20?dib=eyJ2IjoiMSJ9.5ImJyMbbi4eC20AvYHbPTcZ0QNyZXm8WmDSdbSdH2lUE-iXc-V6FMos2UB9kNy5pljMcZioN4C1Elt6yey9r5fr7zaB3Ai5sVPYBjBGxvj54wYHh3_fGIfOkkapiCNS8Jqkvm-MB4A_cSEJ9PMGFw9qEjBnFLVFc4JydulzoieEfq13YgKzcdCIxW-PW_lz5GCU9umFgCgBsPvgAE7shVk6ogOkxh5rJuakjqxDtDPE.ex_pa5PgAvI38i1gPS6v2_9_dfLyNMIG-cic97H5atk&dib_tag=se&keywords=mouse&qid=1711404675&sr=8-20","https://m.media-amazon.com/images/I/61J9PsicKqL._AC_UY218_.jpg",4.5,118864,true,,"USD",7.98,,
"search","amazon.com","mouse",,,,31,"Wired Mouse, USB Wired Computer Mouse for Right or Left Hand, Ergonomic Computer Mouse with Durable Clicks for PC, Computer, Laptop, Desktop, Chromebook, Notebook, Mac (Black)","B09H37F1ZH","https://www.amazon.com/Computer-Ergonomic-Durable-Chromebook-Notebook/dp/B09H37F1ZH/ref=sr_1_21?dib=eyJ2IjoiMSJ9.5ImJyMbbi4eC20AvYHbPTcZ0QNyZXm8WmDSdbSdH2lUE-iXc-V6FMos2UB9kNy5pljMcZioN4C1Elt6yey9r5fr7zaB3Ai5sVPYBjBGxvj54wYHh3_fGIfOkkapiCNS8Jqkvm-MB4A_cSEJ9PMGFw9qEjBnFLVFc4JydulzoieEfq13YgKzcdCIxW-PW_lz5GCU9umFgCgBsPvgAE7shVk6ogOkxh5rJuakjqxDtDPE.ex_pa5PgAvI38i1gPS6v2_9_dfLyNMIG-cic97H5atk&dib_tag=se&keywords=mouse&qid=1711404675&sr=8-21","https://m.media-amazon.com/images/I/41KSZ7zgojL._AC_UY218_.jpg",4,720,true,,"USD",4.99,,
"search","amazon.com","mouse",,,,32,"Amazon Basics Ergonomic 2.4 GHz Wireless Optical Mouse, DPI adjustable, Compatible with PC, Mac, Laptop - Black","B0787D6SGQ","https://www.amazon.com/sspa/click?ie=UTF8&spc=MTo1NjAwMzM4Mjk3MDk3MDg0OjE3MTE0MDQ2NzU6c3BfYnRmOjIwMDAxMDUyODk0ODUzMTo6MDo6&url=%2FAmazonBasics-Ergonomic-Wireless-Mouse-adjustable%2Fdp%2FB0787D6SGQ%2Fref%3Dsr_1_22_ffob_sspa%3Fdib%3DeyJ2IjoiMSJ9.5ImJyMbbi4eC20AvYHbPTcZ0QNyZXm8WmDSdbSdH2lUE-iXc-V6FMos2UB9kNy5pljMcZioN4C1Elt6yey9r5fr7zaB3Ai5sVPYBjBGxvj54wYHh3_fGIfOkkapiCNS8Jqkvm-MB4A_cSEJ9PMGFw9qEjBnFLVFc4JydulzoieEfq13YgKzcdCIxW-PW_lz5GCU9umFgCgBsPvgAE7shVk6ogOkxh5rJuakjqxDtDPE.ex_pa5PgAvI38i1gPS6v2_9_dfLyNMIG-cic97H5atk%26dib_tag%3Dse%26keywords%3Dmouse%26qid%3D1711404675%26sr%3D8-22-spons%26sp_csd%3Dd2lkZ2V0TmFtZT1zcF9idGY%26psc%3D1","https://m.media-amazon.com/images/I/61zntkiLcuL._AC_UY218_.jpg",4.4,21469,true,,"USD",10.49,,
"search","amazon.com","mouse",,,,33,"JBL Tune Flex - True Wireless Noise Cancelling Earbuds (Blue), Small","B0C1QQYP53","https://www.amazon.com/sspa/click?ie=UTF8&spc=MToxMDYyNDcwMTA5MTQ2MDg0OjE3MTE0MDQ2NzU6c3Bfc2VhcmNoX3RoZW1hdGljX2J0ZjozMDAwNDkzODY3OTk0MDI6OjA6Og&url=%2FJBL-Tune-Flex-Wireless-Cancelling%2Fdp%2FB0C1QQYP53%2Fref%3Dsxbs_pa_sp_search_thematic_btf_sspa%3Fcontent-id%3Damzn1.sym.5d117869-ea61-42ff-b182-6b54ed287a72%253Aamzn1.sym.5d117869-ea61-42ff-b182-6b54ed287a72%26cv_ct_cx%3Dmouse%26dib%3DeyJ2IjoiMSJ9.E0ueIoumfVhhTAiGHsHBiVIMOvpZRoHxCeNpanu6PDuxQ09HmlEsuGgeLPeo_p0DSZh28PgNokSOHrpIlvXqlg._qmYDovyWtFE0imIE3zjCRHfjA7k3HJF8ypawGfq6_c%26dib_tag%3Dse%26keywords%3Dmouse%26pd_rd_i%3DB0C1QQYP53%26pd_rd_r%3D8a1acb75-fc4a-4864-a09c-26abcbe85c39%26pd_rd_w%3D0L7jS%26pd_rd_wg%3DeKkKR%26pf_rd_p%3D5d117869-ea61-42ff-b182-6b54ed287a72%26pf_rd_r%3DSYR5ZH4ACJKRVEPW019D%26qid%3D1711404675%26sbo%3DRZvfv%252F%252FHxDF%252BO5021pAnSA%253D%253D%26sr%3D1-1-2ce85fbe-2281-435c-ad39-d4a3c51e67ed-spons%26sp_csd%3Dd2lkZ2V0TmFtZT1zcF9zZWFyY2hfdGhlbWF0aWNfYnRm%26psc%3D1","https://m.media-amazon.com/images/I/61PPlQVg8xL._AC_UL320_.jpg",4.2,2581,true,,"USD",69.95,,
"search","amazon.com","mouse",,,,34,"Hokafenle Ergonomic Mouse Pad Wrist Support with Massage Design, Wrist Rest Pain Relief Mousepad with Memory Foam&Non-Slip PU Base, Mouse Pads for Wireless Mouse & Desk (12x8 inch,Black)","B0BPD3MMQ4","https://www.amazon.com/sspa/click?ie=UTF8&spc=MToxMDYyNDcwMTA5MTQ2MDg0OjE3MTE0MDQ2NzU6c3Bfc2VhcmNoX3RoZW1hdGljX2J0ZjoyMDAxMjMyODk5NzE3OTg6OjE6Og&url=%2FHokafenle-Ergonomic-Mousepad-Non-Slip-Wireless%2Fdp%2FB0BPD3MMQ4%2Fref%3Dsxbs_pa_sp_search_thematic_btf_sspa%3Fcontent-id%3Damzn1.sym.5d117869-ea61-42ff-b182-6b54ed287a72%253Aamzn1.sym.5d117869-ea61-42ff-b182-6b54ed287a72%26cv_ct_cx%3Dmouse%26dib%3DeyJ2IjoiMSJ9.E0ueIoumfVhhTAiGHsHBiVIMOvpZRoHxCeNpanu6PDuxQ09HmlEsuGgeLPeo_p0DSZh28PgNokSOHrpIlvXqlg._qmYDovyWtFE0imIE3zjCRHfjA7k3HJF8ypawGfq6_c%26dib_tag%3Dse%26keywords%3Dmouse%26pd_rd_i%3DB0BPD3MMQ4%26pd_rd_r%3D8a1acb75-fc4a-4864-a09c-26abcbe85c39%26pd_rd_w%3D0L7jS%26pd_rd_wg%3DeKkKR%26pf_rd_p%3D5d117869-ea61-42ff-b182-6b54ed287a72%26pf_rd_r%3DSYR5ZH4ACJKRVEPW019D%26qid%3D1711404675%26sbo%3DRZvfv%252F%252FHxDF%252BO5021pAnSA%253D%253D%26sr%3D1-2-2ce85fbe-2281-435c-ad39-d4a3c51e67ed-spons%26sp_csd%3Dd2lkZ2V0TmFtZT1zcF9zZWFyY2hfdGhlbWF0aWNfYnRm%26psc%3D1","https://m.media-amazon.com/images/I/61egU1Y3gvL._AC_UL320_.jpg",4.5,507,true,,"USD",24.99,,
"search","amazon.com","mouse",,,,35,"JBL Endurance Peak 3 - True Wireless Headphones (Black), Small","B0BQPW9R9H","https://www.amazon.com/sspa/click?ie=UTF8&spc=MToxMDYyNDcwMTA5MTQ2MDg0OjE3MTE0MDQ2NzU6c3Bfc2VhcmNoX3RoZW1hdGljX2J0ZjozMDAwNTgyMjEwMjg2MDI6OjI6Og&url=%2FJBL-Endurance-Peak-Wireless-Headphones%2Fdp%2FB0BQPW9R9H%2Fref%3Dsxbs_pa_sp_search_thematic_btf_sspa%3Fcontent-id%3Damzn1.sym.5d117869-ea61-42ff-b182-6b54ed287a72%253Aamzn1.sym.5d117869-ea61-42ff-b182-6b54ed287a72%26cv_ct_cx%3Dmouse%26dib%3DeyJ2IjoiMSJ9.E0ueIoumfVhhTAiGHsHBiVIMOvpZRoHxCeNpanu6PDuxQ09HmlEsuGgeLPeo_p0DSZh28PgNokSOHrpIlvXqlg._qmYDovyWtFE0imIE3zjCRHfjA7k3HJF8ypawGfq6_c%26dib_tag%3Dse%26keywords%3Dmouse%26pd_rd_i%3DB0BQPW9R9H%26pd_rd_r%3D8a1acb75-fc4a-4864-a09c-26abcbe85c39%26pd_rd_w%3D0L7jS%26pd_rd_wg%3DeKkKR%26pf_rd_p%3D5d117869-ea61-42ff-b182-6b54ed287a72%26pf_rd_r%3DSYR5ZH4ACJKRVEPW019D%26qid%3D1711404675%26sbo%3DRZvfv%252F%252FHxDF%252BO5021pAnSA%253D%253D%26sr%3D1-3-2ce85fbe-2281-435c-ad39-d4a3c51e67ed-spons%26sp_csd%3Dd2lkZ2V0TmFtZT1zcF9zZWFyY2hfdGhlbWF0aWNfYnRm%26psc%3D1","https://m.media-amazon.com/images/I/518X-lGLUsL._AC_UL320_.jpg",4.2,1059,true,,"USD",79.95,,
"search","amazon.com","mouse",,,,36,"Non-Slip Rubber Round Mouse Pad， Cute Little Hedgehog Design Round Mouse pad (7.87 inch x 7.87 inch)","B074M71SQ1","https://www.amazon.com/sspa/click?ie=UTF8&spc=MToxMDYyNDcwMTA5MTQ2MDg0OjE3MTE0MDQ2NzU6c3Bfc2VhcmNoX3RoZW1hdGljX2J0ZjoyMDAwODYyNzI3MjYwOTg6OjM6Og&url=%2FTuMeimei-Non-Slip-Rubber-little-hedgehog%2Fdp%2FB074M71SQ1%2Fref%3Dsxbs_pa_sp_search_thematic_btf_sspa%3Fcontent-id%3Damzn1.sym.5d117869-ea61-42ff-b182-6b54ed287a72%253Aamzn1.sym.5d117869-ea61-42ff-b182-6b54ed287a72%26cv_ct_cx%3Dmouse%26dib%3DeyJ2IjoiMSJ9.E0ueIoumfVhhTAiGHsHBiVIMOvpZRoHxCeNpanu6PDuxQ09HmlEsuGgeLPeo_p0DSZh28PgNokSOHrpIlvXqlg._qmYDovyWtFE0imIE3zjCRHfjA7k3HJF8ypawGfq6_c%26dib_tag%3Dse%26keywords%3Dmouse%26pd_rd_i%3DB074M71SQ1%26pd_rd_r%3D8a1acb75-fc4a-4864-a09c-26abcbe85c39%26pd_rd_w%3D0L7jS%26pd_rd_wg%3DeKkKR%26pf_rd_p%3D5d117869-ea61-42ff-b182-6b54ed287a72%26pf_rd_r%3DSYR5ZH4ACJKRVEPW019D%26qid%3D1711404675%26sbo%3DRZvfv%252F%252FHxDF%252BO5021pAnSA%253D%253D%26sr%3D1-4-2ce85fbe-2281-435c-ad39-d4a3c51e67ed-spons%26sp_csd%3Dd2lkZ2V0TmFtZT1zcF9zZWFyY2hfdGhlbWF0aWNfYnRm%26psc%3D1","https://m.media-amazon.com/images/I/71Szt0S+fjL._AC_UL320_.jpg",4.8,556,true,,"USD",7.88,,
"search","amazon.com","mouse",,,,37,"4-in-1 Large Gaming Mouse Pad, Keyboard Wrist Rest Pad & Wrist Support Mousepad Set, Extended Desk Pad Waterproof Desk Mat for Home Office Study Game-Beach","B0BZ4CB4FM","https://www.amazon.com/sspa/click?ie=UTF8&spc=MToxMDYyNDcwMTA5MTQ2MDg0OjE3MTE0MDQ2NzU6c3Bfc2VhcmNoX3RoZW1hdGljX2J0ZjozMDAwNTIzODI1NjAxMDI6OjQ6Og&url=%2FKeyboard-Mousepad-Extended-Waterproof-Game-Beach%2Fdp%2FB0BZ4CB4FM%2Fref%3Dsxbs_pa_sp_search_thematic_btf_sspa%3Fcontent-id%3Damzn1.sym.5d117869-ea61-42ff-b182-6b54ed287a72%253Aamzn1.sym.5d117869-ea61-42ff-b182-6b54ed287a72%26cv_ct_cx%3Dmouse%26dib%3DeyJ2IjoiMSJ9.E0ueIoumfVhhTAiGHsHBiVIMOvpZRoHxCeNpanu6PDuxQ09HmlEsuGgeLPeo_p0DSZh28PgNokSOHrpIlvXqlg._qmYDovyWtFE0imIE3zjCRHfjA7k3HJF8ypawGfq6_c%26dib_tag%3Dse%26keywords%3Dmouse%26pd_rd_i%3DB0BZ4CB4FM%26pd_rd_r%3D8a1acb75-fc4a-4864-a09c-26abcbe85c39%26pd_rd_w%3D0L7jS%26pd_rd_wg%3DeKkKR%26pf_rd_p%3D5d117869-ea61-42ff-b182-6b54ed287a72%26pf_rd_r%3DSYR5ZH4ACJKRVEPW019D%26qid%3D1711404675%26sbo%3DRZvfv%252F%252FHxDF%252BO5021pAnSA%253D%253D%26sr%3D1-5-2ce85fbe-2281-435c-ad39-d4a3c51e67ed-spons%26sp_csd%3Dd2lkZ2V0TmFtZT1zcF9zZWFyY2hfdGhlbWF0aWNfYnRm%26psc%3D1","https://m.media-amazon.com/images/I/71l8iOTkNyL._AC_UL320_.jpg",4.7,809,true,,"USD",21.99,,